First Name,Last Name,URL,Email Address,Company,Position,Connected On
John,Smith,linkedin.com/in/johnsmith,john.smith@example.com,Acme Corp,Software Engineer,15 Jan 2024
Sarah,Johnson,linkedin.com/in/sarahjohnson,sarah.j@techco.io,TechCo,Product Manager,22 Feb 2024
Michael,Williams,linkedin.com/in/mwilliams,,GlobalBank,Financial Analyst,10 Mar 2024
Emily,Brown,linkedin.com/in/emilybrown,emily.b@design.co,DesignHub,UX Designer,05 Apr 2024
David,Jones,linkedin.com/in/davidjones,dj@sales.com,SalesPro,Account Executive,18 May 2024
Jessica,Garcia,linkedin.com/in/jgarcia,,HealthPlus,Healthcare Consultant,30 Jun 2024
Chris,Martinez,linkedin.com/in/chrismartinez,chris@market.io,MarketForce,Marketing Director,12 Jul 2024
Amanda,Lee,linkedin.com/in/amandalee,amanda.lee@edu.org,StateUniversity,Professor,25 Aug 2024
Robert,Wilson,linkedin.com/in/rwilson,,LegalEagle,Attorney,08 Sep 2024
Jennifer,Taylor,linkedin.com/in/jtaylor,jen@consult.com,ConsultPro,Senior Consultant,20 Oct 2024
